timestamp,originator,action,network,target,context
2012-03-12T22:54:13-07:00,Michael,ADD,I,Ora Hatfield,consequat enim diam vel arcu. Curabitur ut odio vel est
2012-10-05T01:30:42-07:00,Michael,ADD,I,Rafael Baldwin,nibh. Aliquam ornare, libero at auctor ullamcorper, nisl arcu iaculis
2012-11-23T01:53:42-08:00,Michael,REMOVE,I,Marvin Garrison,Cras interdum. Nunc sollicitudin commodo ipsum. Suspendisse non leo. Vivamus
2012-08-13T21:47:53-07:00,Michael,REMOVE,I,Ayanna Jacobs,blandit mattis. Cras eget nisi dictum augue malesuada malesuada. Integer
2012-08-23T20:45:28-07:00,Michael,ADD,I,Jordan Warner,lacus. Aliquam rutrum lorem ac risus. Morbi metus. Vivamus euismod
2012-03-02T12:41:35-08:00,Michael,ADD,T,Price Cunningham,non, luctus sit amet, faucibus ut, nulla. Cras eu tellus
2012-02-29T07:41:48-08:00,Michael,REMOVE,T,Diana Burns,feugiat nec, diam. Duis mi enim, condimentum eget, volutpat ornare,
2013-01-22T00:15:33-08:00,Michael,REMOVE,T,Aileen Allen,convallis convallis dolor. Quisque tincidunt pede ac urna. Ut tincidunt
2013-04-28T21:19:44-07:00,Michael,ADD,T,Ahmed Thompson,pharetra. Nam ac nulla. In tincidunt congue turpis. In condimentum.
2013-02-16T10:51:11-08:00,Michael,ADD,T,Barrett Pitts,urna. Ut tincidunt vehicula risus. Nulla eget metus eu erat
2013-02-06T00:11:02-08:00,Ted,REMOVE,L,Aspen Hunt,laoreet lectus quis massa. Mauris vestibulum, neque sed dictum eleifend,
2013-02-17T21:18:35-08:00,Ted,REMOVE,L,Kamal Delgado,a purus. Duis elementum, dui quis accumsan convallis, ante lectus
2012-10-03T20:21:12-07:00,Ted,ADD,L,Rhona Summers,amet, consectetuer adipiscing elit. Etiam laoreet, libero et tristique pellentesque,
2012-06-21T23:15:55-07:00,Ted,ADD,L,Patricia Wiley,id risus quis diam luctus lobortis. Class aptent taciti sociosqu
2012-05-06T14:34:35-07:00,Ted,REMOVE,L,Emmanuel Hutchinson,Aliquam adipiscing lobortis risus. In mi pede, nonummy ut, molestie
2012-09-01T13:19:12-07:00,Ted,REMOVE,F,Mason Davidson,vehicula aliquet libero. Integer in magna. Phasellus dolor elit, pellentesque
2012-06-26T02:32:25-07:00,Ted,ADD,F,Bernard Keller,dictum ultricies ligula. Nullam enim. Sed nulla ante, iaculis nec,
2012-11-24T07:23:36-08:00,Ted,ADD,F,Howard Knapp,luctus. Curabitur egestas nunc sed libero. Proin sed turpis nec
2013-04-03T19:48:28-07:00,Ted,REMOVE,F,Ira Larsen,adipiscing non, luctus sit amet, faucibus ut, nulla. Cras eu
2012-07-13T00:30:39-07:00,Ted,REMOVE,F,Candice Mcpherson,augue id ante dictum cursus. Nunc mauris elit, dictum eu,
2012-03-24T06:28:03-07:00,Ellen,ADD,G,Chastity Oliver,id sapien. Cras dolor dolor, tempus non, lacinia at, iaculis
2012-12-14T20:04:55-08:00,Ellen,ADD,G,MacKensie Conley,ultrices. Duis volutpat nunc sit amet metus. Aliquam erat volutpat.
2012-08-07T09:28:21-07:00,Ellen,REMOVE,G,Audra Wynn,erat eget ipsum. Suspendisse sagittis. Nullam vitae diam. Proin dolor.
2012-04-25T11:31:54-07:00,Ellen,REMOVE,G,Sloane Pratt,Vestibulum ante ipsum primis in faucibus orci luctus et ultrices
2012-04-15T02:42:03-07:00,Ellen,ADD,G,Brenna Barnes,tempor augue ac ipsum. Phasellus vitae mauris sit amet lorem
2012-12-15T04:11:25-08:00,Ellen,ADD,I,Flavia Ortiz,aliquet libero. Integer in magna. Phasellus dolor elit, pellentesque a,
2013-02-04T16:55:55-08:00,Ellen,REMOVE,I,Palmer Romero,nisi sem semper erat, in consectetuer ipsum nunc id enim.
2012-03-25T05:30:43-07:00,Ellen,REMOVE,I,Duncan Cote,leo. Cras vehicula aliquet libero. Integer in magna. Phasellus dolor
2013-02-24T18:48:24-08:00,Ellen,ADD,I,Samantha Morgan,Maecenas mi felis, adipiscing fringilla, porttitor vulputate, posuere vulputate, lacus.
2012-07-05T09:23:21-07:00,Ellen,ADD,I,Dorothy Roy,Praesent luctus. Curabitur egestas nunc sed libero. Proin sed turpis
2012-06-18T05:11:21-07:00,John,REMOVE,T,Jacob Wooten,ultrices posuere cubilia Curae; Phasellus ornare. Fusce mollis. Duis sit
2013-01-01T11:07:04-08:00,John,REMOVE,T,Barry Mclean,non, bibendum sed, est. Nunc laoreet lectus quis massa. Mauris
2013-02-22T10:01:42-08:00,John,ADD,T,Wylie Odom,Integer in magna. Phasellus dolor elit, pellentesque a, facilisis non,
2012-03-01T02:56:17-08:00,John,ADD,T,Octavius Love,turpis vitae purus gravida sagittis. Duis gravida. Praesent eu nulla
2013-03-28T10:41:44-07:00,John,REMOVE,T,Ivory Nguyen,mauris sit amet lorem semper auctor. Mauris vel turpis. Aliquam
2012-07-22T18:46:45-07:00,John,REMOVE,L,Mariko Woods,ultricies adipiscing, enim mi tempor lorem, eget mollis lectus pede
2012-10-25T21:30:52-07:00,John,ADD,L,Anthony Pierce,lectus. Cum sociis natoque penatibus et magnis dis parturient montes,
2012-06-13T16:13:30-07:00,John,ADD,L,Xantha Aguirre,nulla. Integer vulputate, risus a ultricies adipiscing, enim mi tempor
2012-12-22T09:29:05-08:00,John,REMOVE,L,Harlan Sharp,mus. Proin vel nisl. Quisque fringilla euismod enim. Etiam gravida
2012-10-07T14:49:46-07:00,John,REMOVE,L,Finn Bryan,sociis natoque penatibus et magnis dis parturient montes, nascetur ridiculus
2012-03-18T08:16:30-07:00,Steve,ADD,F,Stacey Marquez,eget, volutpat ornare, facilisis eget, ipsum. Donec sollicitudin adipiscing ligula.
2013-01-07T20:43:46-08:00,Steve,ADD,F,Bert Moss,Nunc ac sem ut dolor dapibus gravida. Aliquam tincidunt, nunc
2012-04-12T12:49:44-07:00,Steve,REMOVE,F,Keane Melendez,facilisis, magna tellus faucibus leo, in lobortis tellus justo sit
2013-01-03T12:32:37-08:00,Steve,REMOVE,F,Walker Gibbs,cursus luctus, ipsum leo elementum sem, vitae aliquam eros turpis
2013-04-26T04:09:51-07:00,Steve,ADD,F,Bertha Rodgers,risus, at fringilla purus mauris a nunc. In at pede.
2013-04-10T19:58:16-07:00,Steve,ADD,G,Emery Hobbs,Duis a mi fringilla mi lacinia mattis. Integer eu lacus.
2012-04-10T05:22:27-07:00,Steve,REMOVE,G,Charissa Joyner,fringilla euismod enim. Etiam gravida molestie arcu. Sed eu nibh
2012-06-18T13:12:46-07:00,Steve,REMOVE,G,Sloane Hubbard,nibh vulputate mauris sagittis placerat. Cras dictum ultricies ligula. Nullam
2012-10-10T21:31:21-07:00,Steve,ADD,G,Pearl Sharp,tristique ac, eleifend vitae, erat. Vivamus nisi. Mauris nulla. Integer
2012-04-05T19:38:11-07:00,Steve,ADD,G,Dorian Casey,tortor nibh sit amet orci. Ut sagittis lobortis mauris. Suspendisse
2013-02-23T19:53:45-08:00,Karen,REMOVE,I,Lillian Avery,egestas a, scelerisque sed, sapien. Nunc pulvinar arcu et pede.
2012-08-23T12:35:02-07:00,Karen,REMOVE,I,Tyrone Burton,Aliquam nisl. Nulla eu neque pellentesque massa lobortis ultrices. Vivamus
2012-04-14T01:56:54-07:00,Karen,ADD,I,Sebastian Mosley,Nunc lectus pede, ultrices a, auctor non, feugiat nec, diam.
2012-10-14T18:44:01-07:00,Karen,ADD,I,Isabella Mcgowan,iaculis quis, pede. Praesent eu dui. Cum sociis natoque penatibus
2013-01-19T04:36:52-08:00,Karen,REMOVE,I,Leroy Pacheco,Nunc laoreet lectus quis massa. Mauris vestibulum, neque sed dictum
2013-01-26T09:44:51-08:00,Karen,REMOVE,T,Hilel Yates,et netus et malesuada fames ac turpis egestas. Aliquam fringilla
2012-03-07T21:55:29-08:00,Karen,ADD,T,Claudia Cleveland,tristique pharetra. Quisque ac libero nec ligula consectetuer rhoncus. Nullam
2012-04-18T08:29:07-07:00,Karen,ADD,T,Orli Barry,consectetuer adipiscing elit. Etiam laoreet, libero et tristique pellentesque, tellus
2012-05-07T14:43:06-07:00,Karen,REMOVE,T,Dominic Romero,erat, eget tincidunt dui augue eu tellus. Phasellus elit pede,
2012-03-08T20:22:42-08:00,Karen,REMOVE,T,Margaret Berg,odio. Etiam ligula tortor, dictum eu, placerat eget, venenatis a,
2012-12-23T09:44:46-08:00,Michael,ADD,L,Brenda Nichols,mi fringilla mi lacinia mattis. Integer eu lacus. Quisque imperdiet,
2013-02-21T06:36:18-08:00,Michael,ADD,L,Cara Mcclain,tincidunt, nunc ac mattis ornare, lectus ante dictum mi, ac
2012-04-05T15:13:42-07:00,Michael,REMOVE,L,Sheila Hill,Nam ligula elit, pretium et, rutrum non, hendrerit id, ante.
2012-09-03T19:16:15-07:00,Michael,REMOVE,L,Carissa Spence,vulputate eu, odio. Phasellus at augue id ante dictum cursus.
2012-05-06T08:36:02-07:00,Michael,ADD,L,Ria Huffman,eros. Proin ultrices. Duis volutpat nunc sit amet metus. Aliquam
2013-03-24T12:14:21-07:00,Michael,ADD,F,Dahlia Solomon,magna, malesuada vel, convallis in, cursus et, eros. Proin ultrices.
2012-07-14T02:56:55-07:00,Michael,REMOVE,F,Avram Benton,pede. Nunc sed orci lobortis augue scelerisque mollis. Phasellus libero
2012-03-05T14:16:31-08:00,Michael,REMOVE,F,Ifeoma Rowe,orci. Donec nibh. Quisque nonummy ipsum non arcu. Vivamus sit
2012-12-26T20:11:49-08:00,Michael,ADD,F,Clio Berry,Phasellus nulla. Integer vulputate, risus a ultricies adipiscing, enim mi
2012-05-06T04:44:15-07:00,Michael,ADD,F,Sasha Patel,non leo. Vivamus nibh dolor, nonummy ac, feugiat non, lobortis
2013-01-12T17:52:53-08:00,Ted,REMOVE,G,Luke Schultz,massa non ante bibendum ullamcorper. Duis cursus, diam at pretium
2012-03-23T08:38:01-07:00,Ted,REMOVE,G,Hu Wong,amet lorem semper auctor. Mauris vel turpis. Aliquam adipiscing lobortis
2012-12-04T09:50:44-08:00,Ted,ADD,G,Garrison Shaw,at pretium aliquet, metus urna convallis erat, eget tincidunt dui
2012-06-15T09:27:33-07:00,Ted,ADD,G,Uma Yates,Suspendisse aliquet molestie tellus. Aenean egestas hendrerit neque. In ornare
2012-01-02T07:17:10-08:00,Ted,REMOVE,G,Beau Rowe,adipiscing fringilla, porttitor vulputate, posuere vulputate, lacus. Cras interdum. Nunc
2012-05-08T12:00:36-07:00,Ted,REMOVE,I,Xander Ayers,elit erat vitae risus. Duis a mi fringilla mi lacinia
2012-12-30T01:37:41-08:00,Ted,ADD,I,Sarah Bryant,sed sem egestas blandit. Nam nulla magna, malesuada vel, convallis
2012-09-28T22:14:31-07:00,Ted,ADD,I,Susan Leonard,metus. Aenean sed pede nec ante blandit viverra. Donec tempus,
2012-02-06T07:58:59-08:00,Ted,REMOVE,I,Xena Preston,ipsum primis in faucibus orci luctus et ultrices posuere cubilia
2013-02-06T17:13:09-08:00,Ted,REMOVE,I,Shelley Maxwell,in consequat enim diam vel arcu. Curabitur ut odio vel
2012-04-21T14:37:32-07:00,Ellen,ADD,T,Ria Coffey,taciti sociosqu ad litora torquent per conubia nostra, per inceptos
2013-01-31T18:16:32-08:00,Ellen,ADD,T,Hyatt Mcintyre,posuere at, velit. Cras lorem lorem, luctus ut, pellentesque eget,
2012-07-05T20:53:16-07:00,Ellen,REMOVE,T,Lynn Walter,ultrices iaculis odio. Nam interdum enim non nisi. Aenean eget
2012-06-01T01:40:49-07:00,Ellen,REMOVE,T,Damian Solomon,mollis. Integer tincidunt aliquam arcu. Aliquam ultrices iaculis odio. Nam
2012-11-25T22:13:01-08:00,Ellen,ADD,T,Ocean Webster,metus. Aliquam erat volutpat. Nulla facilisis. Suspendisse commodo tincidunt nibh.
2013-02-19T00:58:52-08:00,Ellen,ADD,L,Mechelle Vargas,consequat, lectus sit amet luctus vulputate, nisi sem semper erat,
2013-02-26T05:04:42-08:00,Ellen,REMOVE,L,Jaime Rasmussen,Quisque purus sapien, gravida non, sollicitudin a, malesuada id, erat.
2012-09-26T00:41:01-07:00,Ellen,REMOVE,L,Ferris Molina,eleifend non, dapibus rutrum, justo. Praesent luctus. Curabitur egestas nunc
2013-01-06T02:55:07-08:00,Ellen,ADD,L,Yoshio Mckenzie,molestie orci tincidunt adipiscing. Mauris molestie pharetra nibh. Aliquam ornare,
2012-02-04T04:19:59-08:00,Ellen,ADD,L,Noel Huff,Aliquam fringilla cursus purus. Nullam scelerisque neque sed sem egestas
2012-12-13T22:02:36-08:00,John,REMOVE,F,Calista Duncan,scelerisque sed, sapien. Nunc pulvinar arcu et pede. Nunc sed
2012-01-05T07:21:08-08:00,John,REMOVE,F,Hop Nolan,non, lacinia at, iaculis quis, pede. Praesent eu dui. Cum
2012-07-03T17:04:33-07:00,John,ADD,F,McKenzie Fischer,pretium et, rutrum non, hendrerit id, ante. Nunc mauris sapien,
2012-09-16T09:25:59-07:00,John,ADD,F,Paloma Larson,arcu. Curabitur ut odio vel est tempor bibendum. Donec felis
2012-03-14T16:07:41-07:00,John,REMOVE,F,Ruby Dillard,est. Mauris eu turpis. Nulla aliquet. Proin velit. Sed malesuada
2012-08-14T07:53:23-07:00,John,REMOVE,G,Nayda Thompson,Duis mi enim, condimentum eget, volutpat ornare, facilisis eget, ipsum.
2012-11-21T11:43:19-08:00,John,ADD,G,Lillian Gould,et malesuada fames ac turpis egestas. Fusce aliquet magna a
2012-12-07T05:24:29-08:00,John,ADD,G,Lynn Norman,massa lobortis ultrices. Vivamus rhoncus. Donec est. Nunc ullamcorper, velit
2013-04-12T00:12:47-07:00,John,REMOVE,G,Carissa Murphy,ornare lectus justo eu arcu. Morbi sit amet massa. Quisque
2012-11-05T18:36:09-08:00,John,REMOVE,G,Ishmael Gross,auctor, nunc nulla vulputate dui, nec tempus mauris erat egettimestamp,originator,action,network,target,context
2012-06-09T05:40:28-07:00,Michael,ADD,I,Jaden Padilla,molestie sodales. Mauris blandit enim consequat purus. Maecenas libero est,
2012-05-23T11:56:53-07:00,Michael,ADD,I,Lacota Case,elit, a feugiat tellus lorem eu metus. In lorem. Donec
2012-03-13T11:04:36-07:00,Michael,REMOVE,I,Ariel Richard,ligula eu enim. Etiam imperdiet dictum magna. Ut tincidunt orci
2013-01-16T23:28:22-08:00,Michael,REMOVE,I,Alvin Franco,risus a ultricies adipiscing, enim mi tempor lorem, eget mollis
2012-08-27T07:37:47-07:00,Michael,ADD,I,Lesley Larsen,lacus, varius et, euismod et, commodo at, libero. Morbi accumsan
2012-05-27T22:46:21-07:00,Michael,ADD,T,Clinton Schmidt,porta elit, a feugiat tellus lorem eu metus. In lorem.
2012-11-12T19:59:23-08:00,Michael,REMOVE,T,Melyssa Salinas,consequat enim diam vel arcu. Curabitur ut odio vel est
2013-03-12T01:44:30-07:00,Michael,REMOVE,T,Rashad Howard,diam dictum sapien. Aenean massa. Integer vitae nibh. Donec est
2012-05-10T19:21:23-07:00,Michael,ADD,T,Naomi Walls,sit amet nulla. Donec non justo. Proin non massa non
2012-05-17T18:10:47-07:00,Michael,ADD,T,Lee Burch,ante. Maecenas mi felis, adipiscing fringilla, porttitor vulputate, posuere vulputate,
2012-06-04T21:10:09-07:00,Ted,REMOVE,L,Rhiannon Mathis,consectetuer mauris id sapien. Cras dolor dolor, tempus non, lacinia
2013-04-06T11:50:23-07:00,Ted,REMOVE,L,Wynter Campbell,adipiscing elit. Etiam laoreet, libero et tristique pellentesque, tellus sem
2013-01-25T13:14:04-08:00,Ted,ADD,L,Reuben Cooper,nec mauris blandit mattis. Cras eget nisi dictum augue malesuada
2012-04-28T02:55:34-07:00,Ted,ADD,L,Hayfa Dillon,neque sed sem egestas blandit. Nam nulla magna, malesuada vel,
2012-12-30T20:32:10-08:00,Ted,REMOVE,L,Drake Shaffer,egestas ligula. Nullam feugiat placerat velit. Quisque varius. Nam porttitor
2013-02-07T12:28:40-08:00,Ted,REMOVE,F,Castor Barrera,pede, nonummy ut, molestie in, tempus eu, ligula. Aenean euismod
2012-02-17T23:59:09-08:00,Ted,ADD,F,Abraham Patel,lacus. Quisque purus sapien, gravida non, sollicitudin a, malesuada id,
2012-09-30T19:33:00-07:00,Ted,ADD,F,Isabelle Kelley,convallis, ante lectus convallis est, vitae sodales nisi magna sed
2012-09-10T19:55:37-07:00,Ted,REMOVE,F,Lars Cline,ut lacus. Nulla tincidunt, neque vitae semper egestas, urna justo
2012-07-09T02:05:33-07:00,Ted,REMOVE,F,Charity Richard,at, nisi. Cum sociis natoque penatibus et magnis dis parturient
2012-09-06T22:29:33-07:00,Ellen,ADD,G,Brent Marshall,eget metus. In nec orci. Donec nibh. Quisque nonummy ipsum
2012-09-29T11:19:13-07:00,Ellen,ADD,G,Portia Lee,Vestibulum ante ipsum primis in faucibus orci luctus et ultrices
2012-01-24T01:13:39-08:00,Ellen,REMOVE,G,Kieran Gardner,Nunc laoreet lectus quis massa. Mauris vestibulum, neque sed dictum
2013-01-22T17:47:11-08:00,Ellen,REMOVE,G,Beverly Pennington,ornare placerat, orci lacus vestibulum lorem, sit amet ultricies sem
2013-03-27T11:35:32-07:00,Ellen,ADD,G,Xander Wyatt,ac tellus. Suspendisse sed dolor. Fusce mi lorem, vehicula et,
2012-08-16T23:52:21-07:00,Ellen,ADD,I,Georgia Chaney,Sed nulla ante, iaculis nec, eleifend non, dapibus rutrum, justo.
2012-10-30T06:22:18-07:00,Ellen,REMOVE,I,Kirsten Chen,lorem, luctus ut, pellentesque eget, dictum placerat, augue. Sed molestie.
2012-06-13T04:14:25-07:00,Ellen,REMOVE,I,Lamar Medina,pede blandit congue. In scelerisque scelerisque dui. Suspendisse ac metus
2012-09-07T23:33:53-07:00,Ellen,ADD,I,Alisa Collier,ac sem ut dolor dapibus gravida. Aliquam tincidunt, nunc ac
2013-02-07T13:58:36-08:00,Ellen,ADD,I,Ingrid Hahn,magna a tortor. Nunc commodo auctor velit. Aliquam nisl. Nulla
2012-09-19T22:26:19-07:00,John,REMOVE,T,Whilemina Key,dictum placerat, augue. Sed molestie. Sed id risus quis diam
2013-03-18T16:59:26-07:00,John,REMOVE,T,Amanda Duncan,dictum eu, placerat eget, venenatis a, magna. Lorem ipsum dolor
2012-11-14T16:01:14-08:00,John,ADD,T,Dillon Russo,cursus non, egestas a, dui. Cras pellentesque. Sed dictum. Proin
2012-07-22T02:06:09-07:00,John,ADD,T,Nayda Trujillo,ut ipsum ac mi eleifend egestas. Sed pharetra, felis eget
2012-12-16T11:07:11-08:00,John,REMOVE,T,Gray Stephenson,purus mauris a nunc. In at pede. Cras vulputate velit
2012-02-11T23:03:19-08:00,John,REMOVE,L,Sonia Daugherty,vitae, aliquet nec, imperdiet nec, leo. Morbi neque tellus, imperdiet
2012-12-14T09:07:22-08:00,John,ADD,L,Holly Robbins,luctus, ipsum leo elementum sem, vitae aliquam eros turpis non
2012-12-31T00:07:48-08:00,John,ADD,L,McKenzie Goff,sagittis. Nullam vitae diam. Proin dolor. Nulla semper tellus id
2012-02-27T06:26:56-08:00,John,REMOVE,L,Henry Hampton,nibh dolor, nonummy ac, feugiat non, lobortis quis, pede. Suspendisse
2012-08-21T20:27:18-07:00,John,REMOVE,L,Fitzgerald Santana,sed pede. Cum sociis natoque penatibus et magnis dis parturient
2012-02-24T13:40:04-08:00,Steve,ADD,F,Adena Richmond,sem. Pellentesque ut ipsum ac mi eleifend egestas. Sed pharetra,
2012-02-18T12:39:09-08:00,Steve,ADD,F,Destiny Salinas,Integer tincidunt aliquam arcu. Aliquam ultrices iaculis odio. Nam interdum
2013-04-07T10:56:10-07:00,Steve,REMOVE,F,Amelia Blanchard,nulla. Integer vulputate, risus a ultricies adipiscing, enim mi tempor
2012-09-18T15:25:13-07:00,Steve,REMOVE,F,Camden Rios,Etiam laoreet, libero et tristique pellentesque, tellus sem mollis dui,
2012-11-12T23:11:55-08:00,Steve,ADD,F,Yasir Cameron,ante blandit viverra. Donec tempus, lorem fringilla ornare placerat, orci
2012-06-24T09:33:23-07:00,Steve,ADD,G,Reed Acosta,ultricies adipiscing, enim mi tempor lorem, eget mollis lectus pede
2012-09-25T06:21:49-07:00,Steve,REMOVE,G,Quon Henry,nec ante blandit viverra. Donec tempus, lorem fringilla ornare placerat,
2012-07-10T01:59:11-07:00,Steve,REMOVE,G,Unity Bernard,et arcu imperdiet ullamcorper. Duis at lacus. Quisque purus sapien,
2013-04-06T01:24:06-07:00,Steve,ADD,G,Montana Irwin,neque. Nullam nisl. Maecenas malesuada fringilla est. Mauris eu turpis.
2012-12-19T05:00:46-08:00,Steve,ADD,G,Malachi Rojas,pede, nonummy ut, molestie in, tempus eu, ligula. Aenean euismod
2013-04-01T01:22:51-07:00,Karen,REMOVE,I,Willow Rowe,gravida mauris ut mi. Duis risus odio, auctor vitae, aliquet
2012-01-02T22:23:53-08:00,Karen,REMOVE,I,Rama Bennett,a, magna. Lorem ipsum dolor sit amet, consectetuer adipiscing elit.
2012-01-01T21:18:43-08:00,Karen,ADD,I,Sigourney Brown,scelerisque neque sed sem egestas blandit. Nam nulla magna, malesuada
2012-08-13T15:01:25-07:00,Karen,ADD,I,Pascale Dunn,libero. Donec consectetuer mauris id sapien. Cras dolor dolor, tempus
2012-12-25T00:55:34-08:00,Karen,REMOVE,I,Kelly Deleon,metus facilisis lorem tristique aliquet. Phasellus fermentum convallis ligula. Donec
2012-08-03T01:42:24-07:00,Karen,REMOVE,T,Christine Ayala,tristique aliquet. Phasellus fermentum convallis ligula. Donec luctus aliquet odio.
2012-03-26T11:49:13-07:00,Karen,ADD,T,Ayanna Roth,eu, eleifend nec, malesuada ut, sem. Nulla interdum. Curabitur dictum.
2012-05-16T09:02:22-07:00,Karen,ADD,T,Penelope Perkins,luctus ut, pellentesque eget, dictum placerat, augue. Sed molestie. Sed
2012-10-22T05:12:53-07:00,Karen,REMOVE,T,Portia Hayes,Nunc quis arcu vel quam dignissim pharetra. Nam ac nulla.
2012-03-03T06:50:05-08:00,Karen,REMOVE,T,Callum Ball,mi lorem, vehicula et, rutrum eu, ultrices sit amet, risus.
2013-02-11T15:27:47-08:00,Michael,ADD,L,Ginger Wooten,massa. Quisque porttitor eros nec tellus. Nunc lectus pede, ultrices
2013-02-04T21:27:05-08:00,Michael,ADD,L,Francis Riddle,diam. Sed diam lorem, auctor quis, tristique ac, eleifend vitae,
2012-12-22T14:16:33-08:00,Michael,REMOVE,L,Brady Mills,aliquam, enim nec tempus scelerisque, lorem ipsum sodales purus, in
2013-03-25T12:59:52-07:00,Michael,REMOVE,L,Yasir Gutierrez,ipsum primis in faucibus orci luctus et ultrices posuere cubilia
2012-04-05T07:05:20-07:00,Michael,ADD,L,Lucius Travis,Integer sem elit, pharetra ut, pharetra sed, hendrerit a, arcu.
2012-07-27T19:13:53-07:00,Michael,ADD,F,Hannah Britt,feugiat. Lorem ipsum dolor sit amet, consectetuer adipiscing elit. Aliquam
2012-08-09T11:40:41-07:00,Michael,REMOVE,F,Cameron Coleman,amet, consectetuer adipiscing elit. Etiam laoreet, libero et tristique pellentesque,
2012-12-20T07:36:23-08:00,Michael,REMOVE,F,Gail Waller,et, rutrum eu, ultrices sit amet, risus. Donec nibh enim,
2012-02-03T22:49:23-08:00,Michael,ADD,F,Leilani Owens,luctus vulputate, nisi sem semper erat, in consectetuer ipsum nunc
2012-10-19T11:28:59-07:00,Michael,ADD,F,Erica Silva,fringilla, porttitor vulputate, posuere vulputate, lacus. Cras interdum. Nunc sollicitudin
2013-02-18T22:57:15-08:00,Ted,REMOVE,G,Roanna Cooley,mattis ornare, lectus ante dictum mi, ac mattis velit justo
2013-03-08T19:26:24-08:00,Ted,REMOVE,G,Boris Leonard,Vivamus rhoncus. Donec est. Nunc ullamcorper, velit in aliquet lobortis,
2013-01-11T15:14:28-08:00,Ted,ADD,G,Jermaine Morin,penatibus et magnis dis parturient montes, nascetur ridiculus mus. Proin
2012-05-26T19:20:00-07:00,Ted,ADD,G,Warren Mercer,rhoncus. Donec est. Nunc ullamcorper, velit in aliquet lobortis, nisi
2012-11-20T15:33:58-08:00,Ted,REMOVE,G,Mohammad Dean,magna tellus faucibus leo, in lobortis tellus justo sit amet
2012-02-01T01:04:11-08:00,Ted,REMOVE,I,Mark Mcneil,orci, consectetuer euismod est arcu ac orci. Ut semper pretium
2013-03-13T07:08:58-07:00,Ted,ADD,I,Malik Rice,libero lacus, varius et, euismod et, commodo at, libero. Morbi
2013-01-24T04:30:46-08:00,Ted,ADD,I,Ignatius Bridges,mauris ipsum porta elit, a feugiat tellus lorem eu metus.
2012-12-26T04:57:27-08:00,Ted,REMOVE,I,Vance Oneal,Proin vel nisl. Quisque fringilla euismod enim. Etiam gravida molestie
2012-07-15T08:25:50-07:00,Ted,REMOVE,I,Scarlet Workman,erat. Vivamus nisi. Mauris nulla. Integer urna. Vivamus molestie dapibus
2012-08-17T19:20:49-07:00,Ellen,ADD,T,Rae Rowland,eros non enim commodo hendrerit. Donec porttitor tellus non magna.
2012-05-05T18:56:55-07:00,Ellen,ADD,T,Nicole Tyson,Nunc ut erat. Sed nunc est, mollis non, cursus non,
2013-02-03T13:38:23-08:00,Ellen,REMOVE,T,Hilel Harmon,ac metus vitae velit egestas lacinia. Sed congue, elit sed
2013-04-13T02:01:01-07:00,Ellen,REMOVE,T,Orla Gilbert,diam. Sed diam lorem, auctor quis, tristique ac, eleifend vitae,
2012-09-05T17:24:19-07:00,Ellen,ADD,T,India Andrews,Etiam imperdiet dictum magna. Ut tincidunt orci quis lectus. Nullam
2012-02-09T08:30:51-08:00,Ellen,ADD,L,Allen Nash,In mi pede, nonummy ut, molestie in, tempus eu, ligula.
2012-07-29T07:46:18-07:00,Ellen,REMOVE,L,Patience Fleming,sed, hendrerit a, arcu. Sed et libero. Proin mi. Aliquam
2012-03-02T06:15:27-08:00,Ellen,REMOVE,L,Margaret Peck,ac turpis egestas. Fusce aliquet magna a neque. Nullam ut
2013-03-27T08:09:52-07:00,Ellen,ADD,L,Jayme Morgan,vulputate dui, nec tempus mauris erat eget ipsum. Suspendisse sagittis.
2012-01-24T14:26:41-08:00,Ellen,ADD,L,Zia Johnson,Suspendisse ac metus vitae velit egestas lacinia. Sed congue, elit
2012-03-09T11:30:33-08:00,John,REMOVE,F,Guinevere Dudley,nec, eleifend non, dapibus rutrum, justo. Praesent luctus. Curabitur egestas
2013-01-21T08:00:20-08:00,John,REMOVE,F,Virginia Wells,interdum. Sed auctor odio a purus. Duis elementum, dui quis
2012-03-26T10:19:40-07:00,John,ADD,F,Amber Greer,augue, eu tempor erat neque non quam. Pellentesque habitant morbi
2012-11-10T23:34:47-08:00,John,ADD,F,Reagan Brady,eu, eleifend nec, malesuada ut, sem. Nulla interdum. Curabitur dictum.
2013-04-15T02:09:19-07:00,John,REMOVE,F,Cameron Leach,auctor. Mauris vel turpis. Aliquam adipiscing lobortis risus. In mi
2012-02-17T23:25:37-08:00,John,REMOVE,G,Penelope Marquez,Aliquam fringilla cursus purus. Nullam scelerisque neque sed sem egestas
2013-03-18T06:12:35-07:00,John,ADD,G,Whitney Francis,sem, vitae aliquam eros turpis non enim. Mauris quis turpis
2012-12-23T15:47:10-08:00,John,ADD,G,Upton Ware,Nam nulla magna, malesuada vel, convallis in, cursus et, eros.
2012-02-29T19:50:45-08:00,John,REMOVE,G,Zelenia Hernandez,rutrum eu, ultrices sit amet, risus. Donec nibh enim, gravida
2012-04-21T23:38:09-07:00,John,REMOVE,G,Patrick Hensley,non, vestibulum nec, euismod in, dolor. Fusce feugiat. Lorem ipsumtimestamp,originator,action,network,target,context
2013-02-02T04:26:07-08:00,Michael,ADD,I,Jonah Roberts,eu dolor egestas rhoncus. Proin nisl sem, consequat nec, mollis
2013-01-14T13:13:00-08:00,Michael,ADD,I,Allistair Peters,lorem semper auctor. Mauris vel turpis. Aliquam adipiscing lobortis risus.
2012-02-16T06:04:52-08:00,Michael,REMOVE,I,Jordan Rhodes,malesuada malesuada. Integer id magna et ipsum cursus vestibulum. Mauris
2013-01-25T04:56:24-08:00,Michael,REMOVE,I,Galena Lyons,Suspendisse tristique neque venenatis lacus. Etiam bibendum fermentum metus. Aenean
2013-01-17T15:47:04-08:00,Michael,ADD,I,Katell Parsons,dictum eu, eleifend nec, malesuada ut, sem. Nulla interdum. Curabitur
2012-12-26T16:47:32-08:00,Michael,ADD,T,Octavius Huff,dui. Suspendisse ac metus vitae velit egestas lacinia. Sed congue,
2012-08-20T10:36:44-07:00,Michael,REMOVE,T,Laurel Hendrix,scelerisque mollis. Phasellus libero mauris, aliquam eu, accumsan sed, facilisis
2012-10-15T19:24:07-07:00,Michael,REMOVE,T,Ora Garza,consectetuer adipiscing elit. Aliquam auctor, velit eget laoreet posuere, enim
2012-11-22T13:55:52-08:00,Michael,ADD,T,Levi Gaines,lectus, a sollicitudin orci sem eget massa. Suspendisse eleifend. Cras
2012-01-18T05:28:32-08:00,Michael,ADD,T,Bethany Berger,pede. Cras vulputate velit eu sem. Pellentesque ut ipsum ac
2012-12-03T04:54:49-08:00,Ted,REMOVE,L,Barclay Maldonado,quis lectus. Nullam suscipit, est ac facilisis facilisis, magna tellus
2012-12-20T00:58:13-08:00,Ted,REMOVE,L,Frances Mcfarland,eget, ipsum. Donec sollicitudin adipiscing ligula. Aenean gravida nunc sed
2012-07-01T07:51:44-07:00,Ted,ADD,L,Keane Bowen,Aliquam ultrices iaculis odio. Nam interdum enim non nisi. Aenean
2012-06-07T01:46:50-07:00,Ted,ADD,L,Barbara Hines,id, libero. Donec consectetuer mauris id sapien. Cras dolor dolor,
2012-01-22T03:30:31-08:00,Ted,REMOVE,L,Patience Warner,ac libero nec ligula consectetuer rhoncus. Nullam velit dui, semper
2012-11-14T05:44:09-08:00,Ted,REMOVE,F,Ursula Newton,pellentesque, tellus sem mollis dui, in sodales elit erat vitae
2012-07-02T07:17:57-07:00,Ted,ADD,F,Micah Dodson,adipiscing lobortis risus. In mi pede, nonummy ut, molestie in,
2012-08-28T03:10:06-07:00,Ted,ADD,F,Odette Wilkinson,arcu. Sed eu nibh vulputate mauris sagittis placerat. Cras dictum
2012-12-20T03:48:33-08:00,Ted,REMOVE,F,Norman Massey,netus et malesuada fames ac turpis egestas. Aliquam fringilla cursus
2012-09-06T10:02:39-07:00,Ted,REMOVE,F,Briar Noble,ornare tortor at risus. Nunc ac sem ut dolor dapibus
2012-09-23T02:17:36-07:00,Ellen,ADD,G,Walker Reyes,in molestie tortor nibh sit amet orci. Ut sagittis lobortis
2012-12-24T16:59:27-08:00,Ellen,ADD,G,Kevin Bowman,aliquet magna a neque. Nullam ut nisi a odio semper
2012-02-23T03:38:12-08:00,Ellen,REMOVE,G,Slade Melton,turpis vitae purus gravida sagittis. Duis gravida. Praesent eu nulla
2012-01-22T09:38:05-08:00,Ellen,REMOVE,G,Wade Parker,et, rutrum non, hendrerit id, ante. Nunc mauris sapien, cursus
2012-06-24T15:01:20-07:00,Ellen,ADD,G,Latifah Horton,mus. Proin vel nisl. Quisque fringilla euismod enim. Etiam gravida
2012-12-13T19:36:43-08:00,Ellen,ADD,I,Tyrone Guy,felis. Nulla tempor augue ac ipsum. Phasellus vitae mauris sit
2012-07-07T21:01:52-07:00,Ellen,REMOVE,I,Noble Barron,nunc risus varius orci, in consequat enim diam vel arcu.
2013-02-04T23:04:14-08:00,Ellen,REMOVE,I,Trevor Richard,faucibus lectus, a sollicitudin orci sem eget massa. Suspendisse eleifend.
2012-10-09T04:40:26-07:00,Ellen,ADD,I,Ishmael Joseph,Duis risus odio, auctor vitae, aliquet nec, imperdiet nec, leo.
2012-10-19T09:40:45-07:00,Ellen,ADD,I,Emma Mcmahon,et magnis dis parturient montes, nascetur ridiculus mus. Aenean eget
2012-08-30T13:00:17-07:00,John,REMOVE,T,Connor Macdonald,sollicitudin orci sem eget massa. Suspendisse eleifend. Cras sed leo.
2012-08-08T11:58:00-07:00,John,REMOVE,T,Neil Branch,nec luctus felis purus ac tellus. Suspendisse sed dolor. Fusce
2012-12-02T20:13:34-08:00,John,ADD,T,Quincy West,eget odio. Aliquam vulputate ullamcorper magna. Sed eu eros. Nam
2013-04-03T06:23:58-07:00,John,ADD,T,Urielle Townsend,mauris a nunc. In at pede. Cras vulputate velit eu
2012-06-05T02:36:45-07:00,John,REMOVE,T,Justine Jordan,taciti sociosqu ad litora torquent per conubia nostra, per inceptos
2012-02-09T19:20:16-08:00,John,REMOVE,L,Alice Hatfield,libero. Donec consectetuer mauris id sapien. Cras dolor dolor, tempus
2012-09-20T20:00:51-07:00,John,ADD,L,Cooper Bruce,Curabitur vel lectus. Cum sociis natoque penatibus et magnis dis
2012-01-26T21:56:04-08:00,John,ADD,L,May Atkins,vel est tempor bibendum. Donec felis orci, adipiscing non, luctus
2012-10-01T08:31:18-07:00,John,REMOVE,L,Ariel Jackson,dolor dapibus gravida. Aliquam tincidunt, nunc ac mattis ornare, lectus
2012-10-16T19:08:06-07:00,John,REMOVE,L,Amanda Richardson,arcu. Sed eu nibh vulputate mauris sagittis placerat. Cras dictum
2012-02-13T02:53:26-08:00,Steve,ADD,F,Nash Woods,enim non nisi. Aenean eget metus. In nec orci. Donec
2013-03-02T01:34:41-08:00,Steve,ADD,F,Bernard Olsen,dictum eu, eleifend nec, malesuada ut, sem. Nulla interdum. Curabitur
2012-08-22T17:42:27-07:00,Steve,REMOVE,F,Lila Hubbard,id, mollis nec, cursus a, enim. Suspendisse aliquet, sem ut
2013-02-22T18:21:22-08:00,Steve,REMOVE,F,Noelani Haley,pulvinar arcu et pede. Nunc sed orci lobortis augue scelerisque
2013-01-22T09:54:03-08:00,Steve,ADD,F,Keegan Strong,mus. Proin vel nisl. Quisque fringilla euismod enim. Etiam gravida
2012-12-28T15:57:53-08:00,Steve,ADD,G,Rebekah Underwood,sem ut dolor dapibus gravida. Aliquam tincidunt, nunc ac mattis
2012-10-02T17:58:46-07:00,Steve,REMOVE,G,Iliana Callahan,vehicula risus. Nulla eget metus eu erat semper rutrum. Fusce
2012-05-08T17:02:37-07:00,Steve,REMOVE,G,Bertha Roman,mauris, aliquam eu, accumsan sed, facilisis vitae, orci. Phasellus dapibus
2012-05-31T07:22:46-07:00,Steve,ADD,G,Kevyn Smith,et magnis dis parturient montes, nascetur ridiculus mus. Proin vel
2012-06-20T12:38:57-07:00,Steve,ADD,G,Jeanette Terrell,pharetra nibh. Aliquam ornare, libero at auctor ullamcorper, nisl arcu
2012-10-05T19:47:54-07:00,Karen,REMOVE,I,Abigail Mccoy,Pellentesque tincidunt tempus risus. Donec egestas. Duis ac arcu. Nunc
2013-02-01T17:25:51-08:00,Karen,REMOVE,I,Barrett Oneal,euismod ac, fermentum vel, mauris. Integer sem elit, pharetra ut,
2012-08-07T19:26:03-07:00,Karen,ADD,I,Donovan Figueroa,massa. Suspendisse eleifend. Cras sed leo. Cras vehicula aliquet libero.
2012-02-16T15:28:19-08:00,Karen,ADD,I,Howard Young,consectetuer adipiscing elit. Etiam laoreet, libero et tristique pellentesque, tellus
2013-04-25T22:04:39-07:00,Karen,REMOVE,I,Jakeem Le,lacus vestibulum lorem, sit amet ultricies sem magna nec quam.
2013-04-26T20:11:15-07:00,Karen,REMOVE,T,Yuri Frye,ante. Nunc mauris sapien, cursus in, hendrerit consectetuer, cursus et,
2013-02-10T04:35:03-08:00,Karen,ADD,T,Thor Price,vel quam dignissim pharetra. Nam ac nulla. In tincidunt congue
2012-03-29T07:46:15-07:00,Karen,ADD,T,Vincent Shields,ultrices sit amet, risus. Donec nibh enim, gravida sit amet,
2012-02-15T06:54:32-08:00,Karen,REMOVE,T,Zenia Hardy,Maecenas iaculis aliquet diam. Sed diam lorem, auctor quis, tristique
2012-05-01T05:01:36-07:00,Karen,REMOVE,T,Karina Solis,luctus lobortis. Class aptent taciti sociosqu ad litora torquent per
2012-04-17T22:15:58-07:00,Michael,ADD,L,Richard Soto,augue, eu tempor erat neque non quam. Pellentesque habitant morbi
2012-05-31T15:13:33-07:00,Michael,ADD,L,Austin Weaver,molestie arcu. Sed eu nibh vulputate mauris sagittis placerat. Cras
2012-10-13T04:16:11-07:00,Michael,REMOVE,L,Amal Daugherty,a nunc. In at pede. Cras vulputate velit eu sem.
2012-03-03T05:08:34-08:00,Michael,REMOVE,L,Jada Moody,fringilla purus mauris a nunc. In at pede. Cras vulputate
2012-06-12T07:53:30-07:00,Michael,ADD,L,Daria Bradford,nec ligula consectetuer rhoncus. Nullam velit dui, semper et, lacinia
2013-01-09T16:21:58-08:00,Michael,ADD,F,Troy Blake,tristique neque venenatis lacus. Etiam bibendum fermentum metus. Aenean sed
2012-07-15T14:44:28-07:00,Michael,REMOVE,F,Josiah Wolfe,aliquet. Proin velit. Sed malesuada augue ut lacus. Nulla tincidunt,
2012-12-30T06:37:18-08:00,Michael,REMOVE,F,Colorado Vaughn,egestas rhoncus. Proin nisl sem, consequat nec, mollis vitae, posuere
2012-04-03T06:58:42-07:00,Michael,ADD,F,Oliver Valenzuela,Phasellus elit pede, malesuada vel, venenatis vel, faucibus id, libero.
2013-03-18T04:26:59-07:00,Michael,ADD,F,Barrett Holcomb,Aenean egestas hendrerit neque. In ornare sagittis felis. Donec tempor,
2012-02-16T10:05:23-08:00,Ted,REMOVE,G,George Deleon,at, velit. Pellentesque ultricies dignissim lacus. Aliquam rutrum lorem ac
2013-01-31T23:24:10-08:00,Ted,REMOVE,G,Cheyenne Frost,justo eu arcu. Morbi sit amet massa. Quisque porttitor eros
2012-06-02T01:00:01-07:00,Ted,ADD,G,Oliver Gould,magnis dis parturient montes, nascetur ridiculus mus. Proin vel nisl.
2012-09-11T21:04:23-07:00,Ted,ADD,G,Kessie Salazar,turpis vitae purus gravida sagittis. Duis gravida. Praesent eu nulla
2013-02-27T08:05:15-08:00,Ted,REMOVE,G,Glenna Baxter,luctus ut, pellentesque eget, dictum placerat, augue. Sed molestie. Sed
2012-11-15T08:54:33-08:00,Ted,REMOVE,I,Nelle Whitley,sociis natoque penatibus et magnis dis parturient montes, nascetur ridiculus
2012-08-01T16:54:27-07:00,Ted,ADD,I,Ginger Hutchinson,a, auctor non, feugiat nec, diam. Duis mi enim, condimentum
2012-10-14T16:41:33-07:00,Ted,ADD,I,Philip Ochoa,cubilia Curae; Phasellus ornare. Fusce mollis. Duis sit amet diam
2012-10-25T15:21:34-07:00,Ted,REMOVE,I,Zeph Hebert,ipsum leo elementum sem, vitae aliquam eros turpis non enim.
2013-02-27T13:32:36-08:00,Ted,REMOVE,I,Madaline Kennedy,elit, pretium et, rutrum non, hendrerit id, ante. Nunc mauris
2012-01-23T06:56:57-08:00,Ellen,ADD,T,Blaze Shields,at fringilla purus mauris a nunc. In at pede. Cras
2013-02-21T08:12:09-08:00,Ellen,ADD,T,Jaime Barker,lorem vitae odio sagittis semper. Nam tempor diam dictum sapien.
2013-02-22T11:28:03-08:00,Ellen,REMOVE,T,Piper Rhodes,Suspendisse aliquet molestie tellus. Aenean egestas hendrerit neque. In ornare
2013-04-06T12:01:37-07:00,Ellen,REMOVE,T,Duncan Francis,auctor ullamcorper, nisl arcu iaculis enim, sit amet ornare lectus
2012-10-12T01:37:21-07:00,Ellen,ADD,T,Iola Newman,semper et, lacinia vitae, sodales at, velit. Pellentesque ultricies dignissim
2012-07-22T12:33:47-07:00,Ellen,ADD,L,Myles Greer,auctor non, feugiat nec, diam. Duis mi enim, condimentum eget,
2012-01-28T03:15:34-08:00,Ellen,REMOVE,L,Adrienne Perez,Phasellus fermentum convallis ligula. Donec luctus aliquet odio. Etiam ligula
2012-07-11T11:17:24-07:00,Ellen,REMOVE,L,Fletcher James,tellus eu augue porttitor interdum. Sed auctor odio a purus.
2013-01-28T22:54:43-08:00,Ellen,ADD,L,Knox Hyde,cursus purus. Nullam scelerisque neque sed sem egestas blandit. Nam
2012-02-11T01:14:00-08:00,Ellen,ADD,L,Nigel Bowen,lorem ac risus. Morbi metus. Vivamus euismod urna. Nullam lobortis
2012-10-11T08:47:26-07:00,John,REMOVE,F,Edward Conner,mauris sit amet lorem semper auctor. Mauris vel turpis. Aliquam
2013-03-12T14:59:31-07:00,John,REMOVE,F,Bernard Moss,posuere cubilia Curae; Phasellus ornare. Fusce mollis. Duis sit amet
2012-12-17T23:36:02-08:00,John,ADD,F,Dacey Hendrix,adipiscing elit. Aliquam auctor, velit eget laoreet posuere, enim nisl
2012-01-21T06:02:14-08:00,John,ADD,F,Nola Oneil,arcu. Morbi sit amet massa. Quisque porttitor eros nec tellus.
2013-03-31T21:51:02-07:00,John,REMOVE,F,Adam Burt,sem elit, pharetra ut, pharetra sed, hendrerit a, arcu. Sed
2012-04-26T20:42:08-07:00,John,REMOVE,G,Giacomo Sampson,sociis natoque penatibus et magnis dis parturient montes, nascetur ridiculus
2012-07-30T13:23:26-07:00,John,ADD,G,Melissa Schneider,Nunc pulvinar arcu et pede. Nunc sed orci lobortis augue
2013-03-03T21:08:40-08:00,John,ADD,G,Iona Carr,dapibus id, blandit at, nisi. Cum sociis natoque penatibus et
2012-02-26T10:34:31-08:00,John,REMOVE,G,Tanek Parks,vitae, aliquet nec, imperdiet nec, leo. Morbi neque tellus, imperdiet
2012-02-23T23:38:31-08:00,John,REMOVE,G,Petra Henry,et netus et malesuada fames ac turpis egestas. Fusce aliquettimestamp,originator,action,network,target,context
2012-03-16T21:20:12-07:00,Michael,ADD,I,Vance Morton,Aliquam tincidunt, nunc ac mattis ornare, lectus ante dictum mi,
2012-06-02T04:00:46-07:00,Michael,ADD,I,Ashton Mayo,Nunc ut erat. Sed nunc est, mollis non, cursus non,
2012-05-01T17:20:57-07:00,Michael,REMOVE,I,Rogan Hensley,hendrerit neque. In ornare sagittis felis. Donec tempor, est ac
2013-01-29T15:36:08-08:00,Michael,REMOVE,I,Amery Warren,in faucibus orci luctus et ultrices posuere cubilia Curae; Phasellus
2012-04-14T11:16:58-07:00,Michael,ADD,I,Abraham Carr,ipsum primis in faucibus orci luctus et ultrices posuere cubilia
2012-04-26T14:24:52-07:00,Michael,ADD,T,Tarik Bond,iaculis, lacus pede sagittis augue, eu tempor erat neque non
2012-07-12T07:29:33-07:00,Michael,REMOVE,T,Delilah England,justo nec ante. Maecenas mi felis, adipiscing fringilla, porttitor vulputate,
2012-09-01T04:40:08-07:00,Michael,REMOVE,T,Gretchen Duke,dictum magna. Ut tincidunt orci quis lectus. Nullam suscipit, est
2012-01-10T00:01:07-08:00,Michael,ADD,T,Graiden Daugherty,sed dolor. Fusce mi lorem, vehicula et, rutrum eu, ultrices
2012-07-24T17:12:28-07:00,Michael,ADD,T,Faith Ross,lorem, sit amet ultricies sem magna nec quam. Curabitur vel
2012-12-17T09:40:46-08:00,Ted,REMOVE,L,Kessie Phelps,sollicitudin adipiscing ligula. Aenean gravida nunc sed pede. Cum sociis
2012-04-03T16:16:32-07:00,Ted,REMOVE,L,Jeanette Ross,et, euismod et, commodo at, libero. Morbi accumsan laoreet ipsum.
2013-02-08T22:48:14-08:00,Ted,ADD,L,Lane Mcmillan,lectus pede, ultrices a, auctor non, feugiat nec, diam. Duis
2013-03-24T19:36:59-07:00,Ted,ADD,L,April Mullins,augue. Sed molestie. Sed id risus quis diam luctus lobortis.
2013-04-17T14:49:11-07:00,Ted,REMOVE,L,Eliana Navarro,lacus. Nulla tincidunt, neque vitae semper egestas, urna justo faucibus
2012-03-24T15:05:59-07:00,Ted,REMOVE,F,Karleigh Madden,mauris. Suspendisse aliquet molestie tellus. Aenean egestas hendrerit neque. In
2013-03-04T18:32:01-08:00,Ted,ADD,F,Gloria Sanchez,sed consequat auctor, nunc nulla vulputate dui, nec tempus mauris
2012-10-24T12:25:35-07:00,Ted,ADD,F,Elvis Clayton,adipiscing lacus. Ut nec urna et arcu imperdiet ullamcorper. Duis
2012-03-22T11:43:43-07:00,Ted,REMOVE,F,Tana Lloyd,luctus et ultrices posuere cubilia Curae; Phasellus ornare. Fusce mollis.
2012-08-02T18:05:20-07:00,Ted,REMOVE,F,Hedda Sloan,dolor. Quisque tincidunt pede ac urna. Ut tincidunt vehicula risus.
2012-09-27T21:40:10-07:00,Ellen,ADD,G,Armand Hartman,sed consequat auctor, nunc nulla vulputate dui, nec tempus mauris
2012-03-12T10:31:11-07:00,Ellen,ADD,G,Hashim Stafford,justo. Praesent luctus. Curabitur egestas nunc sed libero. Proin sed
2013-01-22T01:31:14-08:00,Ellen,REMOVE,G,Edan Hood,quis turpis vitae purus gravida sagittis. Duis gravida. Praesent eu
2012-06-27T11:26:54-07:00,Ellen,REMOVE,G,Lester Kidd,ornare, elit elit fermentum risus, at fringilla purus mauris a
2012-09-09T18:48:23-07:00,Ellen,ADD,G,Shana Rogers,aliquam, enim nec tempus scelerisque, lorem ipsum sodales purus, in
2012-09-19T02:29:21-07:00,Ellen,ADD,I,Deacon Foster,dolor. Quisque tincidunt pede ac urna. Ut tincidunt vehicula risus.
2013-04-01T18:05:35-07:00,Ellen,REMOVE,I,Orlando Neal,In lorem. Donec elementum, lorem ut aliquam iaculis, lacus pede
2012-05-16T09:54:03-07:00,Ellen,REMOVE,I,Joan Weiss,Quisque purus sapien, gravida non, sollicitudin a, malesuada id, erat.
2013-04-05T21:10:20-07:00,Ellen,ADD,I,Jordan Simon,turpis nec mauris blandit mattis. Cras eget nisi dictum augue
2012-01-14T21:09:17-08:00,Ellen,ADD,I,Odysseus Dillard,urna justo faucibus lectus, a sollicitudin orci sem eget massa.
2012-05-10T19:57:49-07:00,John,REMOVE,T,Peter Franco,mi fringilla mi lacinia mattis. Integer eu lacus. Quisque imperdiet,
2012-06-25T16:51:23-07:00,John,REMOVE,T,Julie Owen,fringilla ornare placerat, orci lacus vestibulum lorem, sit amet ultricies
2012-11-01T13:58:59-07:00,John,ADD,T,Amos Winters,cursus non, egestas a, dui. Cras pellentesque. Sed dictum. Proin
2012-03-28T12:20:21-07:00,John,ADD,T,Clayton Maxwell,faucibus leo, in lobortis tellus justo sit amet nulla. Donec
2013-04-21T17:19:48-07:00,John,REMOVE,T,Aimee Hickman,Maecenas malesuada fringilla est. Mauris eu turpis. Nulla aliquet. Proin
2012-09-29T10:27:33-07:00,John,REMOVE,L,John Nieves,eu neque pellentesque massa lobortis ultrices. Vivamus rhoncus. Donec est.
2012-05-15T10:10:32-07:00,John,ADD,L,Karleigh Hays,Vivamus euismod urna. Nullam lobortis quam a felis ullamcorper viverra.
2012-10-19T12:38:02-07:00,John,ADD,L,Gil Swanson,diam. Duis mi enim, condimentum eget, volutpat ornare, facilisis eget,
2013-03-17T13:37:42-07:00,John,REMOVE,L,Guy Hammond,sagittis. Duis gravida. Praesent eu nulla at sem molestie sodales.
2012-01-24T18:02:30-08:00,John,REMOVE,L,Uriel Bright,malesuada augue ut lacus. Nulla tincidunt, neque vitae semper egestas,
2012-10-16T04:49:24-07:00,Steve,ADD,F,Fredericka Sloan,lacinia orci, consectetuer euismod est arcu ac orci. Ut semper
2012-01-15T01:19:38-08:00,Steve,ADD,F,Bruce Gordon,augue ut lacus. Nulla tincidunt, neque vitae semper egestas, urna
2012-10-20T03:59:02-07:00,Steve,REMOVE,F,Rhonda Heath,volutpat. Nulla dignissim. Maecenas ornare egestas ligula. Nullam feugiat placerat
2012-12-01T11:50:58-08:00,Steve,REMOVE,F,Tiger Meadows,ac, feugiat non, lobortis quis, pede. Suspendisse dui. Fusce diam
2012-10-16T08:04:26-07:00,Steve,ADD,F,Karen Mills,Vivamus nisi. Mauris nulla. Integer urna. Vivamus molestie dapibus ligula.
2012-04-21T00:24:14-07:00,Steve,ADD,G,Thomas Burgess,a, scelerisque sed, sapien. Nunc pulvinar arcu et pede. Nunc
2012-06-02T13:41:07-07:00,Steve,REMOVE,G,Linda Monroe,est tempor bibendum. Donec felis orci, adipiscing non, luctus sit
2012-06-24T05:53:38-07:00,Steve,REMOVE,G,Wing Woodard,parturient montes, nascetur ridiculus mus. Proin vel arcu eu odio
2012-02-27T03:22:58-08:00,Steve,ADD,G,Donovan Gould,ac orci. Ut semper pretium neque. Morbi quis urna. Nunc
2012-08-04T20:36:22-07:00,Steve,ADD,G,Indigo Farrell,fermentum risus, at fringilla purus mauris a nunc. In at
2012-05-14T01:59:53-07:00,Karen,REMOVE,I,Sarah Mcneil,viverra. Donec tempus, lorem fringilla ornare placerat, orci lacus vestibulum
2013-02-10T10:19:49-08:00,Karen,REMOVE,I,Kenneth Pruitt,id, erat. Etiam vestibulum massa rutrum magna. Cras convallis convallis
2012-03-27T17:24:00-07:00,Karen,ADD,I,Virginia Lott,non, bibendum sed, est. Nunc laoreet lectus quis massa. Mauris
2013-01-16T18:29:21-08:00,Karen,ADD,I,Finn Huber,erat semper rutrum. Fusce dolor quam, elementum at, egestas a,
2013-01-13T05:42:13-08:00,Karen,REMOVE,I,Dorian Whitney,ante blandit viverra. Donec tempus, lorem fringilla ornare placerat, orci
2013-03-10T05:33:03-07:00,Karen,REMOVE,T,Marshall Stephens,eu, placerat eget, venenatis a, magna. Lorem ipsum dolor sit
2013-04-15T08:05:49-07:00,Karen,ADD,T,Myra Jennings,sed leo. Cras vehicula aliquet libero. Integer in magna. Phasellus
2012-09-12T23:14:04-07:00,Karen,ADD,T,Brody Holland,ut lacus. Nulla tincidunt, neque vitae semper egestas, urna justo
2012-03-13T10:21:55-07:00,Karen,REMOVE,T,Jana Parsons,tempus mauris erat eget ipsum. Suspendisse sagittis. Nullam vitae diam.
2012-12-23T21:00:08-08:00,Karen,REMOVE,T,Catherine Campbell,erat semper rutrum. Fusce dolor quam, elementum at, egestas a,
2012-10-14T10:19:23-07:00,Michael,ADD,L,Zachary Wilder,dui. Cum sociis natoque penatibus et magnis dis parturient montes,
2012-10-13T22:57:18-07:00,Michael,ADD,L,Maryam Knowles,varius. Nam porttitor scelerisque neque. Nullam nisl. Maecenas malesuada fringilla
2012-12-12T02:06:19-08:00,Michael,REMOVE,L,Michael Howe,ante dictum mi, ac mattis velit justo nec ante. Maecenas
2012-02-12T10:45:49-08:00,Michael,REMOVE,L,Belle Riggs,Nullam feugiat placerat velit. Quisque varius. Nam porttitor scelerisque neque.
2013-02-15T02:30:17-08:00,Michael,ADD,L,Bruce Barron,dignissim lacus. Aliquam rutrum lorem ac risus. Morbi metus. Vivamus
2013-03-04T10:30:15-08:00,Michael,ADD,F,Reuben Orr,fermentum fermentum arcu. Vestibulum ante ipsum primis in faucibus orci
2012-11-06T03:30:30-08:00,Michael,REMOVE,F,Laurel Haley,ultrices. Vivamus rhoncus. Donec est. Nunc ullamcorper, velit in aliquet
2013-04-29T20:36:49-07:00,Michael,REMOVE,F,Zeph Knight,semper. Nam tempor diam dictum sapien. Aenean massa. Integer vitae
2012-06-16T15:24:57-07:00,Michael,ADD,F,Hedwig Wiley,eu metus. In lorem. Donec elementum, lorem ut aliquam iaculis,
2012-05-20T10:30:42-07:00,Michael,ADD,F,Camden Cardenas,mauris ut mi. Duis risus odio, auctor vitae, aliquet nec,
2012-05-17T19:42:50-07:00,Ted,REMOVE,G,Chase Byrd,interdum. Nunc sollicitudin commodo ipsum. Suspendisse non leo. Vivamus nibh
2012-03-31T02:15:28-07:00,Ted,REMOVE,G,Savannah Robertson,eu tellus eu augue porttitor interdum. Sed auctor odio a
2012-09-02T06:43:29-07:00,Ted,ADD,G,Cora Hubbard,ipsum. Curabitur consequat, lectus sit amet luctus vulputate, nisi sem
2012-07-24T09:02:24-07:00,Ted,ADD,G,Cameron Luna,sit amet ultricies sem magna nec quam. Curabitur vel lectus.
2012-09-08T17:49:41-07:00,Ted,REMOVE,G,Kennedy Odom,Nunc quis arcu vel quam dignissim pharetra. Nam ac nulla.
2012-10-29T02:20:25-07:00,Ted,REMOVE,I,Tamekah Johnson,egestas, urna justo faucibus lectus, a sollicitudin orci sem eget
2012-04-02T04:29:21-07:00,Ted,ADD,I,Bradley Becker,placerat eget, venenatis a, magna. Lorem ipsum dolor sit amet,
2012-10-21T21:17:37-07:00,Ted,ADD,I,Rogan Baxter,Aliquam ornare, libero at auctor ullamcorper, nisl arcu iaculis enim,
2012-04-01T19:36:29-07:00,Ted,REMOVE,I,Vladimir House,Class aptent taciti sociosqu ad litora torquent per conubia nostra,
2012-10-24T20:20:32-07:00,Ted,REMOVE,I,Ramona Mcintyre,neque vitae semper egestas, urna justo faucibus lectus, a sollicitudin
2012-02-10T18:37:50-08:00,Ellen,ADD,T,Phyllis Rogers,molestie arcu. Sed eu nibh vulputate mauris sagittis placerat. Cras
2012-02-05T04:37:34-08:00,Ellen,ADD,T,Nero Merritt,nec, diam. Duis mi enim, condimentum eget, volutpat ornare, facilisis
2012-02-14T18:08:01-08:00,Ellen,REMOVE,T,Cameran Short,dolor. Nulla semper tellus id nunc interdum feugiat. Sed nec
2012-01-10T00:08:11-08:00,Ellen,REMOVE,T,Ann Young,diam. Duis mi enim, condimentum eget, volutpat ornare, facilisis eget,
2012-08-29T00:56:29-07:00,Ellen,ADD,T,Ora Lindsey,amet, consectetuer adipiscing elit. Aliquam auctor, velit eget laoreet posuere,
2012-09-01T06:13:57-07:00,Ellen,ADD,L,Ishmael Hobbs,enim nec tempus scelerisque, lorem ipsum sodales purus, in molestie
2012-09-10T22:11:17-07:00,Ellen,REMOVE,L,Sheila Livingston,euismod enim. Etiam gravida molestie arcu. Sed eu nibh vulputate
2013-04-28T19:40:01-07:00,Ellen,REMOVE,L,Mallory Gonzalez,et, rutrum non, hendrerit id, ante. Nunc mauris sapien, cursus
2012-08-29T08:39:26-07:00,Ellen,ADD,L,Ursa Flores,Quisque tincidunt pede ac urna. Ut tincidunt vehicula risus. Nulla
2012-09-20T02:26:08-07:00,Ellen,ADD,L,Charles Blair,augue eu tellus. Phasellus elit pede, malesuada vel, venenatis vel,
2013-02-05T06:11:55-08:00,John,REMOVE,F,Leonard Serrano,Suspendisse eleifend. Cras sed leo. Cras vehicula aliquet libero. Integer
2012-03-19T07:10:21-07:00,John,REMOVE,F,Brent Lester,metus eu erat semper rutrum. Fusce dolor quam, elementum at,
2012-06-08T02:10:07-07:00,John,ADD,F,Inga Olsen,volutpat. Nulla facilisis. Suspendisse commodo tincidunt nibh. Phasellus nulla. Integer
2012-03-03T16:54:41-08:00,John,ADD,F,Ciara Prince,amet metus. Aliquam erat volutpat. Nulla facilisis. Suspendisse commodo tincidunt
2012-08-27T23:39:48-07:00,John,REMOVE,F,Kane James,eget massa. Suspendisse eleifend. Cras sed leo. Cras vehicula aliquet
2012-01-26T08:43:37-08:00,John,REMOVE,G,Kaden Valenzuela,metus. In lorem. Donec elementum, lorem ut aliquam iaculis, lacus
2012-08-13T06:54:19-07:00,John,ADD,G,Yoko Richmond,Vivamus molestie dapibus ligula. Aliquam erat volutpat. Nulla dignissim. Maecenas
2012-04-04T01:20:57-07:00,John,ADD,G,Kaitlin Head,Donec at arcu. Vestibulum ante ipsum primis in faucibus orci
2013-02-25T02:34:32-08:00,John,REMOVE,G,Barry Garrison,erat. Etiam vestibulum massa rutrum magna. Cras convallis convallis dolor.
2012-05-04T08:37:41-07:00,John,REMOVE,G,Breanna Lancaster,sit amet risus. Donec egestas. Aliquam nec enim. Nunc uttimestamp,originator,action,network,target,context
2012-08-24T14:49:56-07:00,Michael,ADD,I,Jin Hickman,Duis at lacus. Quisque purus sapien, gravida non, sollicitudin a,
2012-02-22T19:32:52-08:00,Michael,ADD,I,Quyn Olsen,est. Mauris eu turpis. Nulla aliquet. Proin velit. Sed malesuada
2012-03-31T07:23:31-07:00,Michael,REMOVE,I,Doris Aguirre,facilisis lorem tristique aliquet. Phasellus fermentum convallis ligula. Donec luctus
2013-04-21T23:39:38-07:00,Michael,REMOVE,I,Sylvester Rodgers,pharetra, felis eget varius ultrices, mauris ipsum porta elit, a
2012-04-26T07:28:36-07:00,Michael,ADD,I,Baxter Mays,sed consequat auctor, nunc nulla vulputate dui, nec tempus mauris
2013-03-28T13:17:46-07:00,Michael,ADD,T,Kitra Rivers,ipsum leo elementum sem, vitae aliquam eros turpis non enim.
2012-12-02T04:26:39-08:00,Michael,REMOVE,T,Tobias Glass,metus vitae velit egestas lacinia. Sed congue, elit sed consequat
2013-02-05T11:48:36-08:00,Michael,REMOVE,T,Neville Mercado,sed, est. Nunc laoreet lectus quis massa. Mauris vestibulum, neque
2012-09-24T12:24:15-07:00,Michael,ADD,T,Conan Little,dolor sit amet, consectetuer adipiscing elit. Aliquam auctor, velit eget
2012-04-05T12:55:15-07:00,Michael,ADD,T,Garrison Buchanan,a mi fringilla mi lacinia mattis. Integer eu lacus. Quisque
2012-04-19T14:34:37-07:00,Ted,REMOVE,L,Sean Mcgowan,urna suscipit nonummy. Fusce fermentum fermentum arcu. Vestibulum ante ipsum
2012-10-30T04:31:21-07:00,Ted,REMOVE,L,Sheila Gross,sit amet luctus vulputate, nisi sem semper erat, in consectetuer
2012-07-22T19:07:16-07:00,Ted,ADD,L,Daryl Morgan,consectetuer ipsum nunc id enim. Curabitur massa. Vestibulum accumsan neque
2013-03-25T09:09:05-07:00,Ted,ADD,L,Ainsley Leach,pellentesque massa lobortis ultrices. Vivamus rhoncus. Donec est. Nunc ullamcorper,
2012-05-20T06:44:02-07:00,Ted,REMOVE,L,Shaine Mercer,ornare. In faucibus. Morbi vehicula. Pellentesque tincidunt tempus risus. Donec
2013-03-29T11:34:50-07:00,Ted,REMOVE,F,Lilah Clarke,sed orci lobortis augue scelerisque mollis. Phasellus libero mauris, aliquam
2012-05-09T15:42:26-07:00,Ted,ADD,F,Penelope Bowen,nisl. Maecenas malesuada fringilla est. Mauris eu turpis. Nulla aliquet.
2013-01-17T19:33:12-08:00,Ted,ADD,F,Joseph Rollins,urna et arcu imperdiet ullamcorper. Duis at lacus. Quisque purus
2013-03-03T21:15:13-08:00,Ted,REMOVE,F,Upton Alexander,dapibus rutrum, justo. Praesent luctus. Curabitur egestas nunc sed libero.
2012-05-25T13:14:51-07:00,Ted,REMOVE,F,Troy Gonzales,venenatis lacus. Etiam bibendum fermentum metus. Aenean sed pede nec
2012-11-24T00:55:56-08:00,Ellen,ADD,G,Nora Collier,dictum placerat, augue. Sed molestie. Sed id risus quis diam
2012-05-07T17:36:29-07:00,Ellen,ADD,G,Vielka Barr,aliquet, metus urna convallis erat, eget tincidunt dui augue eu
2012-03-07T21:39:55-08:00,Ellen,REMOVE,G,Seth Finley,ad litora torquent per conubia nostra, per inceptos hymenaeos. Mauris
2012-01-23T20:56:39-08:00,Ellen,REMOVE,G,Phoebe Francis,elit. Etiam laoreet, libero et tristique pellentesque, tellus sem mollis
2012-04-04T00:11:41-07:00,Ellen,ADD,G,Jack Carver,a sollicitudin orci sem eget massa. Suspendisse eleifend. Cras sed
2012-12-09T22:28:36-08:00,Ellen,ADD,I,Olga Rasmussen,ante. Nunc mauris sapien, cursus in, hendrerit consectetuer, cursus et,
2012-05-11T09:22:30-07:00,Ellen,REMOVE,I,Quyn King,orci lacus vestibulum lorem, sit amet ultricies sem magna nec
2012-12-10T12:35:19-08:00,Ellen,REMOVE,I,Carolyn Yates,purus. Duis elementum, dui quis accumsan convallis, ante lectus convallis
2012-07-24T13:49:20-07:00,Ellen,ADD,I,Cecilia Vance,nisi magna sed dui. Fusce aliquam, enim nec tempus scelerisque,
2013-03-18T09:28:15-07:00,Ellen,ADD,I,Odessa Sexton,In at pede. Cras vulputate velit eu sem. Pellentesque ut
2013-04-02T08:53:39-07:00,John,REMOVE,T,Hanae Luna,aliquam adipiscing lacus. Ut nec urna et arcu imperdiet ullamcorper.
2012-04-14T10:05:43-07:00,John,REMOVE,T,Malcolm Justice,Nunc sed orci lobortis augue scelerisque mollis. Phasellus libero mauris,
2012-05-30T02:18:05-07:00,John,ADD,T,Declan Garrison,vel arcu eu odio tristique pharetra. Quisque ac libero nec
2012-07-24T09:49:00-07:00,John,ADD,T,Karyn Boone,tempus non, lacinia at, iaculis quis, pede. Praesent eu dui.
2012-03-28T22:10:46-07:00,John,REMOVE,T,Evan Lindsay,libero et tristique pellentesque, tellus sem mollis dui, in sodales
2013-04-10T13:15:02-07:00,John,REMOVE,L,Norman Duran,iaculis nec, eleifend non, dapibus rutrum, justo. Praesent luctus. Curabitur
2012-09-04T07:17:00-07:00,John,ADD,L,Erasmus Ball,Nunc pulvinar arcu et pede. Nunc sed orci lobortis augue
2012-01-18T09:34:25-08:00,John,ADD,L,Xerxes Conway,elementum at, egestas a, scelerisque sed, sapien. Nunc pulvinar arcu
2012-10-28T14:30:58-07:00,John,REMOVE,L,Indigo Guy,dui. Fusce diam nunc, ullamcorper eu, euismod ac, fermentum vel,
2012-06-24T21:00:37-07:00,John,REMOVE,L,Tatyana Bradley,consectetuer adipiscing elit. Etiam laoreet, libero et tristique pellentesque, tellus
2013-02-16T23:48:35-08:00,Steve,ADD,F,Nyssa Jenkins,tristique pharetra. Quisque ac libero nec ligula consectetuer rhoncus. Nullam
2012-03-12T08:01:55-07:00,Steve,ADD,F,Olga Brown,Pellentesque ut ipsum ac mi eleifend egestas. Sed pharetra, felis
2012-10-20T15:15:56-07:00,Steve,REMOVE,F,Quyn Green,aliquam eros turpis non enim. Mauris quis turpis vitae purus
2012-11-11T10:19:09-08:00,Steve,REMOVE,F,Blake Stokes,Duis sit amet diam eu dolor egestas rhoncus. Proin nisl
2012-04-13T13:08:43-07:00,Steve,ADD,F,Pearl Cohen,lorem tristique aliquet. Phasellus fermentum convallis ligula. Donec luctus aliquet
2012-03-01T02:26:05-08:00,Steve,ADD,G,Kenyon Townsend,vehicula risus. Nulla eget metus eu erat semper rutrum. Fusce
2012-06-30T02:52:38-07:00,Steve,REMOVE,G,Axel Cote,et netus et malesuada fames ac turpis egestas. Fusce aliquet
2012-08-15T13:56:23-07:00,Steve,REMOVE,G,Britanni Clayton,sociosqu ad litora torquent per conubia nostra, per inceptos hymenaeos.
2012-09-19T00:46:22-07:00,Steve,ADD,G,Caryn Mcneil,Donec consectetuer mauris id sapien. Cras dolor dolor, tempus non,
2012-12-12T06:15:30-08:00,Steve,ADD,G,Brianna Knowles,Vestibulum ante ipsum primis in faucibus orci luctus et ultrices
2012-12-25T09:47:12-08:00,Karen,REMOVE,I,Trevor Dawson,Aliquam adipiscing lobortis risus. In mi pede, nonummy ut, molestie
2012-01-03T14:51:54-08:00,Karen,REMOVE,I,Dean Webb,lectus pede, ultrices a, auctor non, feugiat nec, diam. Duis
2012-01-11T11:34:43-08:00,Karen,ADD,I,Athena Phillips,lorem fringilla ornare placerat, orci lacus vestibulum lorem, sit amet
2012-04-25T02:28:30-07:00,Karen,ADD,I,Curran Shannon,non, dapibus rutrum, justo. Praesent luctus. Curabitur egestas nunc sed
2012-11-01T14:02:44-07:00,Karen,REMOVE,I,Jane Mccarthy,faucibus orci luctus et ultrices posuere cubilia Curae; Donec tincidunt.
2013-02-27T00:16:47-08:00,Karen,REMOVE,T,Damon Burns,Donec consectetuer mauris id sapien. Cras dolor dolor, tempus non,
2012-02-16T21:37:19-08:00,Karen,ADD,T,Dillon Cotton,Donec elementum, lorem ut aliquam iaculis, lacus pede sagittis augue,
2012-05-14T12:00:10-07:00,Karen,ADD,T,Fuller Gentry,sapien, gravida non, sollicitudin a, malesuada id, erat. Etiam vestibulum
2013-01-10T17:21:38-08:00,Karen,REMOVE,T,Levi Kinney,dui augue eu tellus. Phasellus elit pede, malesuada vel, venenatis
2012-06-01T06:04:22-07:00,Karen,REMOVE,T,Dahlia Miles,sapien. Aenean massa. Integer vitae nibh. Donec est mauris, rhoncus
2012-02-21T11:39:29-08:00,Michael,ADD,L,Wing Lloyd,Maecenas iaculis aliquet diam. Sed diam lorem, auctor quis, tristique
2012-11-27T01:01:40-08:00,Michael,ADD,L,Carl Roman,condimentum eget, volutpat ornare, facilisis eget, ipsum. Donec sollicitudin adipiscing
2012-12-06T17:55:51-08:00,Michael,REMOVE,L,Jasper Spence,a, scelerisque sed, sapien. Nunc pulvinar arcu et pede. Nunc
2012-09-05T23:07:58-07:00,Michael,REMOVE,L,Buckminster Boyer,nunc sit amet metus. Aliquam erat volutpat. Nulla facilisis. Suspendisse
2012-01-30T21:03:20-08:00,Michael,ADD,L,Morgan Macias,augue porttitor interdum. Sed auctor odio a purus. Duis elementum,
2013-03-27T17:28:56-07:00,Michael,ADD,F,Hu Rollins,tellus non magna. Nam ligula elit, pretium et, rutrum non,
2012-06-27T18:52:08-07:00,Michael,REMOVE,F,Amos Becker,eu, placerat eget, venenatis a, magna. Lorem ipsum dolor sit
2013-04-06T02:55:44-07:00,Michael,REMOVE,F,Tamekah Harrell,Aliquam vulputate ullamcorper magna. Sed eu eros. Nam consequat dolor
2012-04-30T12:55:28-07:00,Michael,ADD,F,Theodore Wood,bibendum ullamcorper. Duis cursus, diam at pretium aliquet, metus urna
2013-01-27T08:06:36-08:00,Michael,ADD,F,Keith Cunningham,nisl sem, consequat nec, mollis vitae, posuere at, velit. Cras
2012-02-14T21:59:25-08:00,Ted,REMOVE,G,Meredith Clark,eget, venenatis a, magna. Lorem ipsum dolor sit amet, consectetuer
2012-04-27T13:25:56-07:00,Ted,REMOVE,G,Ali Gibbs,commodo hendrerit. Donec porttitor tellus non magna. Nam ligula elit,
2012-04-10T19:07:58-07:00,Ted,ADD,G,Genevieve Russell,consequat enim diam vel arcu. Curabitur ut odio vel est
2012-06-21T17:15:43-07:00,Ted,ADD,G,Haviva Walters,fringilla euismod enim. Etiam gravida molestie arcu. Sed eu nibh
2012-03-16T17:21:28-07:00,Ted,REMOVE,G,Desiree Meyers,ultrices iaculis odio. Nam interdum enim non nisi. Aenean eget
2012-06-25T12:56:53-07:00,Ted,REMOVE,I,Nyssa Barlow,ultrices. Duis volutpat nunc sit amet metus. Aliquam erat volutpat.
2012-11-24T09:48:06-08:00,Ted,ADD,I,Elvis Bowers,mattis ornare, lectus ante dictum mi, ac mattis velit justo
2012-12-26T04:36:45-08:00,Ted,ADD,I,Audrey Williamson,ipsum. Donec sollicitudin adipiscing ligula. Aenean gravida nunc sed pede.
2012-02-02T14:47:39-08:00,Ted,REMOVE,I,Cherokee Stuart,porttitor eros nec tellus. Nunc lectus pede, ultrices a, auctor
2012-05-25T05:40:35-07:00,Ted,REMOVE,I,Roanna Herrera,penatibus et magnis dis parturient montes, nascetur ridiculus mus. Proin
2012-01-21T02:18:48-08:00,Ellen,ADD,T,Amy Bond,neque pellentesque massa lobortis ultrices. Vivamus rhoncus. Donec est. Nunc
2012-01-14T05:20:04-08:00,Ellen,ADD,T,Savannah Buchanan,Ut tincidunt vehicula risus. Nulla eget metus eu erat semper
2012-01-22T15:57:34-08:00,Ellen,REMOVE,T,Hollee Humphrey,a feugiat tellus lorem eu metus. In lorem. Donec elementum,
2013-02-02T18:51:49-08:00,Ellen,REMOVE,T,Shafira Simon,fermentum convallis ligula. Donec luctus aliquet odio. Etiam ligula tortor,
2012-02-19T11:06:19-08:00,Ellen,ADD,T,Hall Bryan,Proin velit. Sed malesuada augue ut lacus. Nulla tincidunt, neque
2012-10-02T08:46:59-07:00,Ellen,ADD,L,Jakeem Scott,varius orci, in consequat enim diam vel arcu. Curabitur ut
2012-07-28T04:24:13-07:00,Ellen,REMOVE,L,Francis Burris,dis parturient montes, nascetur ridiculus mus. Proin vel nisl. Quisque
2013-02-10T20:43:04-08:00,Ellen,REMOVE,L,Denton Cook,luctus felis purus ac tellus. Suspendisse sed dolor. Fusce mi
2012-09-08T22:18:12-07:00,Ellen,ADD,L,Laurel Harper,dignissim. Maecenas ornare egestas ligula. Nullam feugiat placerat velit. Quisque
2012-12-28T15:32:25-08:00,Ellen,ADD,L,Sylvia Cook,mollis dui, in sodales elit erat vitae risus. Duis a
2012-01-20T00:45:32-08:00,John,REMOVE,F,Hillary Douglas,Aliquam erat volutpat. Nulla facilisis. Suspendisse commodo tincidunt nibh. Phasellus
2012-11-29T21:53:55-08:00,John,REMOVE,F,Bert Booker,dolor. Fusce feugiat. Lorem ipsum dolor sit amet, consectetuer adipiscing
2013-02-04T12:50:19-08:00,John,ADD,F,Brooke Keller,non, luctus sit amet, faucibus ut, nulla. Cras eu tellus
2012-06-27T12:19:47-07:00,John,ADD,F,Xandra Gibson,nisl arcu iaculis enim, sit amet ornare lectus justo eu
2013-01-12T14:04:59-08:00,John,REMOVE,F,Pamela Paul,neque vitae semper egestas, urna justo faucibus lectus, a sollicitudin
2013-02-26T01:17:11-08:00,John,REMOVE,G,Burton Chavez,et ultrices posuere cubilia Curae; Phasellus ornare. Fusce mollis. Duis
2012-08-22T03:30:45-07:00,John,ADD,G,Lareina Kidd,lorem ac risus. Morbi metus. Vivamus euismod urna. Nullam lobortis
2013-04-23T19:15:33-07:00,John,ADD,G,Benedict Reid,sed libero. Proin sed turpis nec mauris blandit mattis. Cras
2013-04-13T04:17:36-07:00,John,REMOVE,G,Libby Gilbert,vulputate, posuere vulputate, lacus. Cras interdum. Nunc sollicitudin commodo ipsum.
2012-08-12T14:53:16-07:00,John,REMOVE,G,Yoko Daniels,est mauris, rhoncus id, mollis nec, cursus a, enim. Suspendisse